[
  {
    "Id": 1,
    "Direccion": "Ap #549-7395 Ut Rd.",
    "Ciudad": "New York",
    "Telefono": "334-052-0954",
    "Codigo_Postal": "85328",
    "Tipo": "Casa",
    "Precio": "$30,746"
  },
  {
    "Id": 2,
    "Direccion": "P.O. Box 657, 9831 Cursus St.",
    "Ciudad": "Orlando",
    "Telefono": "488-441-5521",
    "Codigo_Postal": "04436",
    "Tipo": "Casa de Campo",
    "Precio": "$71,045"
  },
  {
    "Id": 3,
    "Direccion": "Ap #325-2507 Quisque Av.",
    "Ciudad": "Los Angeles",
    "Telefono": "623-807-2869",
    "Codigo_Postal": "89804",
    "Tipo": "Casa de Campo",
    "Precio": "$36,087"
  },
  {
    "Id": 4,
    "Direccion": "347-866 Laoreet Road",
    "Ciudad": "Los Angeles",
    "Telefono": "997-640-8188",
    "Codigo_Postal": "94526-134",
    "Tipo": "Casa de Campo",
    "Precio": "$16,048"
  },
  {
    "Id": 5,
    "Direccion": "4732 Ipsum. Rd.",
    "Ciudad": "Houston",
    "Telefono": "802-414-8872",
    "Codigo_Postal": "162925",
    "Tipo": "Casa",
    "Precio": "$45,912"
  },
  {
    "Id": 6,
    "Direccion": "672-9576 Consectetuer Road",
    "Ciudad": "Orlando",
    "Telefono": "355-601-5749",
    "Codigo_Postal": "210020",
    "Tipo": "Casa de Campo",
    "Precio": "$64,370"
  },
  {
    "Id": 7,
    "Direccion": "549-5766 Sodales St.",
    "Ciudad": "Orlando",
    "Telefono": "557-228-6918",
    "Codigo_Postal": "16794",
    "Tipo": "Casa",
    "Precio": "$2,846"
  },
  {
    "Id": 8,
    "Direccion": "P.O. Box 847, 2589 In Av.",
    "Ciudad": "Washington",
    "Telefono": "390-713-8687",
    "Codigo_Postal": "70689",
    "Tipo": "Apartamento",
    "Precio": "$60,951"
  },
  {
    "Id": 9,
    "Direccion": "175-4344 Nec, Ave",
    "Ciudad": "Orlando",
    "Telefono": "578-170-6179",
    "Codigo_Postal": "P0C 0G3",
    "Tipo": "Casa de Campo",
    "Precio": "$58,902"
  },
  {
    "Id": 10,
    "Direccion": "P.O. Box 497, 8679 Turpis. St.",
    "Ciudad": "New York",
    "Telefono": "870-559-3430",
    "Codigo_Postal": "7029",
    "Tipo": "Casa",
    "Precio": "$17,759"
  },
  {
    "Id": 11,
    "Direccion": "844-8312 Molestie Road",
    "Ciudad": "Miami",
    "Telefono": "147-920-5435",
    "Codigo_Postal": "5237JG",
    "Tipo": "Casa",
    "Precio": "$91,067"
  },
  {
    "Id": 12,
    "Direccion": "P.O. Box 494, 674 Amet, Street",
    "Ciudad": "New York",
    "Telefono": "056-617-2556",
    "Codigo_Postal": "684445",
    "Tipo": "Casa",
    "Precio": "$36,155"
  },
  {
    "Id": 13,
    "Direccion": "P.O. Box 466, 2795 Velit. Avenue",
    "Ciudad": "New York",
    "Telefono": "252-330-0116",
    "Codigo_Postal": "5422",
    "Tipo": "Apartamento",
    "Precio": "$78,947"
  },
  {
    "Id": 14,
    "Direccion": "P.O. Box 523, 2126 Aliquet Rd.",
    "Ciudad": "Orlando",
    "Telefono": "986-825-6899",
    "Codigo_Postal": "37045",
    "Tipo": "Casa de Campo",
    "Precio": "$51,817"
  },
  {
    "Id": 15,
    "Direccion": "Ap #669-7718 Cras St.",
    "Ciudad": "New York",
    "Telefono": "200-935-8531",
    "Codigo_Postal": "RI9 6RT",
    "Tipo": "Casa",
    "Precio": "$39,561"
  },
  {
    "Id": 16,
    "Direccion": "2211 Malesuada Rd.",
    "Ciudad": "Los Angeles",
    "Telefono": "436-742-7954",
    "Codigo_Postal": "31519",
    "Tipo": "Apartamento",
    "Precio": "$52,433"
  },
  {
    "Id": 17,
    "Direccion": "P.O. Box 181, 7858 Nisi. St.",
    "Ciudad": "Houston",
    "Telefono": "383-252-8216",
    "Codigo_Postal": "83594",
    "Tipo": "Apartamento",
    "Precio": "$85,641"
  },
  {
    "Id": 18,
    "Direccion": "741-2614 Accumsan Rd.",
    "Ciudad": "Miami",
    "Telefono": "487-609-0106",
    "Codigo_Postal": "753543",
    "Tipo": "Casa de Campo",
    "Precio": "$78,854"
  },
  {
    "Id": 19,
    "Direccion": "829-3250 In Rd.",
    "Ciudad": "New York",
    "Telefono": "788-832-7076",
    "Codigo_Postal": "783917",
    "Tipo": "Casa de Campo",
    "Precio": "$64,471"
  },
  {
    "Id": 20,
    "Direccion": "Ap #393-3363 Fringilla Road",
    "Ciudad": "Orlando",
    "Telefono": "335-278-9678",
    "Codigo_Postal": "8635",
    "Tipo": "Apartamento",
    "Precio": "$47,420"
  },
  {
    "Id": 21,
    "Direccion": "Ap #247-8024 Curabitur St.",
    "Ciudad": "Miami",
    "Telefono": "167-013-1429",
    "Codigo_Postal": "15971",
    "Tipo": "Casa de Campo",
    "Precio": "$28,795"
  },
  {
    "Id": 22,
    "Direccion": "995-1099 Id, Road",
    "Ciudad": "Washington",
    "Telefono": "491-394-8799",
    "Codigo_Postal": "37-346",
    "Tipo": "Apartamento",
    "Precio": "$69,505"
  },
  {
    "Id": 23,
    "Direccion": "Ap #176-8333 Gravida St.",
    "Ciudad": "Miami",
    "Telefono": "339-324-8859",
    "Codigo_Postal": "0318YB",
    "Tipo": "Casa de Campo",
    "Precio": "$73,231"
  },
  {
    "Id": 24,
    "Direccion": "340-985 Lobortis. Avenue",
    "Ciudad": "Washington",
    "Telefono": "049-063-4896",
    "Codigo_Postal": "5411",
    "Tipo": "Casa de Campo",
    "Precio": "$83,847"
  },
  {
    "Id": 25,
    "Direccion": "992-7214 Pharetra Rd.",
    "Ciudad": "Miami",
    "Telefono": "257-364-7011",
    "Codigo_Postal": "1045SO",
    "Tipo": "Casa",
    "Precio": "$93,907"
  },
  {
    "Id": 26,
    "Direccion": "7705 Fusce St.",
    "Ciudad": "Washington",
    "Telefono": "363-540-9113",
    "Codigo_Postal": "9802",
    "Tipo": "Casa de Campo",
    "Precio": "$21,796"
  },
  {
    "Id": 27,
    "Direccion": "723-5458 Neque. Ave",
    "Ciudad": "New York",
    "Telefono": "512-886-8792",
    "Codigo_Postal": "1038",
    "Tipo": "Casa",
    "Precio": "$97,134"
  },
  {
    "Id": 28,
    "Direccion": "Ap #246-9877 Ultricies Rd.",
    "Ciudad": "Washington",
    "Telefono": "423-014-6013",
    "Codigo_Postal": "61483",
    "Tipo": "Casa",
    "Precio": "$32,659"
  },
  {
    "Id": 29,
    "Direccion": "Ap #712-3234 Nunc Road",
    "Ciudad": "Miami",
    "Telefono": "334-030-0048",
    "Codigo_Postal": "9738",
    "Tipo": "Apartamento",
    "Precio": "$14,560"
  },
  {
    "Id": 30,
    "Direccion": "4406 Justo Avenue",
    "Ciudad": "Houston",
    "Telefono": "242-441-7733",
    "Codigo_Postal": "38707",
    "Tipo": "Casa de Campo",
    "Precio": "$69,433"
  },
  {
    "Id": 31,
    "Direccion": "Ap #172-6600 Vivamus St.",
    "Ciudad": "New York",
    "Telefono": "710-649-0830",
    "Codigo_Postal": "57503",
    "Tipo": "Casa de Campo",
    "Precio": "$1,986"
  },
  {
    "Id": 32,
    "Direccion": "Ap #728-4099 Et, Ave",
    "Ciudad": "Houston",
    "Telefono": "535-501-0707",
    "Codigo_Postal": "0242AN",
    "Tipo": "Casa",
    "Precio": "$73,668"
  },
  {
    "Id": 33,
    "Direccion": "4648 Sem Rd.",
    "Ciudad": "Washington",
    "Telefono": "956-749-3273",
    "Codigo_Postal": "94323",
    "Tipo": "Apartamento",
    "Precio": "$85,996"
  },
  {
    "Id": 34,
    "Direccion": "Ap #539-4295 Volutpat Avenue",
    "Ciudad": "Miami",
    "Telefono": "904-312-9292",
    "Codigo_Postal": "894922",
    "Tipo": "Casa",
    "Precio": "$38,835"
  },
  {
    "Id": 35,
    "Direccion": "500-6214 Tempus, Street",
    "Ciudad": "Miami",
    "Telefono": "168-671-0953",
    "Codigo_Postal": "5574",
    "Tipo": "Casa de Campo",
    "Precio": "$62,069"
  },
  {
    "Id": 36,
    "Direccion": "233-9001 Cum Rd.",
    "Ciudad": "New York",
    "Telefono": "670-701-8060",
    "Codigo_Postal": "20705",
    "Tipo": "Casa de Campo",
    "Precio": "$32,174"
  },
  {
    "Id": 37,
    "Direccion": "4084 Sit St.",
    "Ciudad": "Orlando",
    "Telefono": "326-023-8622",
    "Codigo_Postal": "02187",
    "Tipo": "Apartamento",
    "Precio": "$23,492"
  },
  {
    "Id": 38,
    "Direccion": "P.O. Box 825, 9762 Etiam Street",
    "Ciudad": "Miami",
    "Telefono": "343-695-3228",
    "Codigo_Postal": "56309",
    "Tipo": "Casa de Campo",
    "Precio": "$42,579"
  },
  {
    "Id": 39,
    "Direccion": "5889 Luctus. Ave",
    "Ciudad": "New York",
    "Telefono": "259-039-5762",
    "Codigo_Postal": "6038",
    "Tipo": "Apartamento",
    "Precio": "$41,843"
  },
  {
    "Id": 40,
    "Direccion": "Ap #834-3873 Nullam St.",
    "Ciudad": "Houston",
    "Telefono": "809-587-9484",
    "Codigo_Postal": "69526",
    "Tipo": "Casa de Campo",
    "Precio": "$94,728"
  },
  {
    "Id": 41,
    "Direccion": "P.O. Box 711, 706 Dis Rd.",
    "Ciudad": "Washington",
    "Telefono": "354-038-8533",
    "Codigo_Postal": "65211",
    "Tipo": "Casa de Campo",
    "Precio": "$90,451"
  },
  {
    "Id": 42,
    "Direccion": "P.O. Box 315, 6041 Duis Avenue",
    "Ciudad": "Orlando",
    "Telefono": "186-671-4205",
    "Codigo_Postal": "893592",
    "Tipo": "Casa de Campo",
    "Precio": "$2,261"
  },
  {
    "Id": 43,
    "Direccion": "5640 Dapibus St.",
    "Ciudad": "Washington",
    "Telefono": "906-342-4567",
    "Codigo_Postal": "4263",
    "Tipo": "Casa de Campo",
    "Precio": "$76,404"
  },
  {
    "Id": 44,
    "Direccion": "5260 Sed Rd.",
    "Ciudad": "New York",
    "Telefono": "336-903-7567",
    "Codigo_Postal": "92501",
    "Tipo": "Casa",
    "Precio": "$2,055"
  },
  {
    "Id": 45,
    "Direccion": "Ap #864-1235 Mi Rd.",
    "Ciudad": "Orlando",
    "Telefono": "723-547-1102",
    "Codigo_Postal": "G9T 9P2",
    "Tipo": "Casa de Campo",
    "Precio": "$99,508"
  },
  {
    "Id": 46,
    "Direccion": "8151 Rutrum Rd.",
    "Ciudad": "Miami",
    "Telefono": "594-072-4670",
    "Codigo_Postal": "58567",
    "Tipo": "Casa",
    "Precio": "$7,952"
  },
  {
    "Id": 47,
    "Direccion": "P.O. Box 926, 1798 Pellentesque St.",
    "Ciudad": "New York",
    "Telefono": "328-063-3034",
    "Codigo_Postal": "0547ID",
    "Tipo": "Casa",
    "Precio": "$48,882"
  },
  {
    "Id": 48,
    "Direccion": "P.O. Box 264, 6488 Euismod Avenue",
    "Ciudad": "Los Angeles",
    "Telefono": "210-220-4305",
    "Codigo_Postal": "J6H 9S9",
    "Tipo": "Apartamento",
    "Precio": "$33,141"
  },
  {
    "Id": 49,
    "Direccion": "Ap #694-1472 Orci Ave",
    "Ciudad": "New York",
    "Telefono": "362-652-3567",
    "Codigo_Postal": "63897",
    "Tipo": "Apartamento",
    "Precio": "$88,980"
  },
  {
    "Id": 50,
    "Direccion": "P.O. Box 354, 6477 Eget St.",
    "Ciudad": "Los Angeles",
    "Telefono": "593-092-8585",
    "Codigo_Postal": "90970-060",
    "Tipo": "Casa",
    "Precio": "$35,831"
  },
  {
    "Id": 51,
    "Direccion": "128-8013 Imperdiet Avenue",
    "Ciudad": "New York",
    "Telefono": "611-764-9648",
    "Codigo_Postal": "727883",
    "Tipo": "Casa de Campo",
    "Precio": "$99,230"
  },
  {
    "Id": 52,
    "Direccion": "Ap #394-8201 Pede. St.",
    "Ciudad": "New York",
    "Telefono": "057-000-7888",
    "Codigo_Postal": "6390",
    "Tipo": "Apartamento",
    "Precio": "$82,679"
  },
  {
    "Id": 53,
    "Direccion": "Ap #210-1906 Mauris St.",
    "Ciudad": "New York",
    "Telefono": "742-185-0661",
    "Codigo_Postal": "4116",
    "Tipo": "Casa",
    "Precio": "$96,998"
  },
  {
    "Id": 54,
    "Direccion": "228-2036 Tincidunt Road",
    "Ciudad": "Orlando",
    "Telefono": "565-750-7079",
    "Codigo_Postal": "7217",
    "Tipo": "Casa",
    "Precio": "$54,710"
  },
  {
    "Id": 55,
    "Direccion": "681-117 Facilisis Street",
    "Ciudad": "Washington",
    "Telefono": "695-936-1302",
    "Codigo_Postal": "83809",
    "Tipo": "Casa",
    "Precio": "$96,281"
  },
  {
    "Id": 56,
    "Direccion": "P.O. Box 665, 3825 Nec St.",
    "Ciudad": "Houston",
    "Telefono": "859-638-8140",
    "Codigo_Postal": "843642",
    "Tipo": "Casa",
    "Precio": "$3,829"
  },
  {
    "Id": 57,
    "Direccion": "Ap #800-4147 In Street",
    "Ciudad": "Los Angeles",
    "Telefono": "324-489-2139",
    "Codigo_Postal": "66013",
    "Tipo": "Casa de Campo",
    "Precio": "$70,069"
  },
  {
    "Id": 58,
    "Direccion": "297-8960 Libero. Rd.",
    "Ciudad": "Los Angeles",
    "Telefono": "626-297-1082",
    "Codigo_Postal": "9133",
    "Tipo": "Casa de Campo",
    "Precio": "$26,514"
  },
  {
    "Id": 59,
    "Direccion": "5605 Nisi Ave",
    "Ciudad": "Orlando",
    "Telefono": "842-236-6720",
    "Codigo_Postal": "188876",
    "Tipo": "Casa",
    "Precio": "$68,927"
  },
  {
    "Id": 60,
    "Direccion": "P.O. Box 870, 9855 Tristique Avenue",
    "Ciudad": "Miami",
    "Telefono": "114-453-9481",
    "Codigo_Postal": "64899",
    "Tipo": "Casa",
    "Precio": "$67,772"
  },
  {
    "Id": 61,
    "Direccion": "Ap #214-5963 Metus Road",
    "Ciudad": "Houston",
    "Telefono": "337-930-6310",
    "Codigo_Postal": "5290KA",
    "Tipo": "Casa",
    "Precio": "$71,048"
  },
  {
    "Id": 62,
    "Direccion": "869 Tempus St.",
    "Ciudad": "New York",
    "Telefono": "235-726-7602",
    "Codigo_Postal": "Y4V 5A1",
    "Tipo": "Casa de Campo",
    "Precio": "$90,138"
  },
  {
    "Id": 63,
    "Direccion": "P.O. Box 916, 4350 In Avenue",
    "Ciudad": "New York",
    "Telefono": "292-391-9640",
    "Codigo_Postal": "26271",
    "Tipo": "Casa de Campo",
    "Precio": "$70,212"
  },
  {
    "Id": 64,
    "Direccion": "Ap #768-2635 Eget, Avenue",
    "Ciudad": "Miami",
    "Telefono": "909-006-0105",
    "Codigo_Postal": "93246",
    "Tipo": "Casa",
    "Precio": "$74,320"
  },
  {
    "Id": 65,
    "Direccion": "Ap #581-5945 Ullamcorper Road",
    "Ciudad": "Orlando",
    "Telefono": "820-970-3451",
    "Codigo_Postal": "35826",
    "Tipo": "Apartamento",
    "Precio": "$15,782"
  },
  {
    "Id": 66,
    "Direccion": "Ap #298-502 Dolor. Ave",
    "Ciudad": "Orlando",
    "Telefono": "339-015-5616",
    "Codigo_Postal": "8625GM",
    "Tipo": "Casa de Campo",
    "Precio": "$27,530"
  },
  {
    "Id": 67,
    "Direccion": "569-3972 Malesuada Street",
    "Ciudad": "Miami",
    "Telefono": "712-181-4815",
    "Codigo_Postal": "857132",
    "Tipo": "Casa de Campo",
    "Precio": "$56,359"
  },
  {
    "Id": 68,
    "Direccion": "Ap #378-8818 Molestie Ave",
    "Ciudad": "Los Angeles",
    "Telefono": "286-311-5133",
    "Codigo_Postal": "39945",
    "Tipo": "Casa de Campo",
    "Precio": "$29,789"
  },
  {
    "Id": 69,
    "Direccion": "766 Consequat, St.",
    "Ciudad": "Los Angeles",
    "Telefono": "790-137-7352",
    "Codigo_Postal": "71804",
    "Tipo": "Casa",
    "Precio": "$57,408"
  },
  {
    "Id": 70,
    "Direccion": "729-3081 Cubilia Rd.",
    "Ciudad": "Washington",
    "Telefono": "888-946-8086",
    "Codigo_Postal": "F7 0YF",
    "Tipo": "Casa",
    "Precio": "$87,871"
  },
  {
    "Id": 71,
    "Direccion": "457-7987 Curae; Rd.",
    "Ciudad": "Washington",
    "Telefono": "760-938-1297",
    "Codigo_Postal": "19418",
    "Tipo": "Casa",
    "Precio": "$43,727"
  },
  {
    "Id": 72,
    "Direccion": "6158 Tempor Rd.",
    "Ciudad": "Houston",
    "Telefono": "690-850-4520",
    "Codigo_Postal": "L18 9SC",
    "Tipo": "Casa de Campo",
    "Precio": "$30,425"
  },
  {
    "Id": 73,
    "Direccion": "Ap #693-2983 Class St.",
    "Ciudad": "New York",
    "Telefono": "213-536-0655",
    "Codigo_Postal": "21712",
    "Tipo": "Casa",
    "Precio": "$23,311"
  },
  {
    "Id": 74,
    "Direccion": "841 Scelerisque Rd.",
    "Ciudad": "Houston",
    "Telefono": "367-551-7660",
    "Codigo_Postal": "YY0A 3TD",
    "Tipo": "Casa de Campo",
    "Precio": "$72,611"
  },
  {
    "Id": 75,
    "Direccion": "792-7569 Dolor Rd.",
    "Ciudad": "New York",
    "Telefono": "261-470-7647",
    "Codigo_Postal": "14844",
    "Tipo": "Casa",
    "Precio": "$98,815"
  },
  {
    "Id": 76,
    "Direccion": "444-5718 Ut Rd.",
    "Ciudad": "Washington",
    "Telefono": "041-009-6788",
    "Codigo_Postal": "8230",
    "Tipo": "Casa",
    "Precio": "$50,861"
  },
  {
    "Id": 77,
    "Direccion": "Ap #377-8404 Ipsum Street",
    "Ciudad": "New York",
    "Telefono": "534-916-5827",
    "Codigo_Postal": "37234",
    "Tipo": "Casa de Campo",
    "Precio": "$87,808"
  },
  {
    "Id": 78,
    "Direccion": "2425 Rutrum Street",
    "Ciudad": "Los Angeles",
    "Telefono": "494-431-4661",
    "Codigo_Postal": "IC54 7IK",
    "Tipo": "Casa",
    "Precio": "$93,263"
  },
  {
    "Id": 79,
    "Direccion": "344-8412 Nisl. St.",
    "Ciudad": "Houston",
    "Telefono": "050-082-4431",
    "Codigo_Postal": "99-113",
    "Tipo": "Apartamento",
    "Precio": "$99,947"
  },
  {
    "Id": 80,
    "Direccion": "9399 Sem Ave",
    "Ciudad": "Houston",
    "Telefono": "909-320-3004",
    "Codigo_Postal": "03082",
    "Tipo": "Casa",
    "Precio": "$69,922"
  },
  {
    "Id": 81,
    "Direccion": "P.O. Box 284, 8629 Egestas. St.",
    "Ciudad": "Orlando",
    "Telefono": "196-562-2718",
    "Codigo_Postal": "A8Z 9N1",
    "Tipo": "Casa",
    "Precio": "$25,541"
  },
  {
    "Id": 82,
    "Direccion": "283-2290 Aliquam Street",
    "Ciudad": "New York",
    "Telefono": "272-977-8230",
    "Codigo_Postal": "G1C 0L5",
    "Tipo": "Apartamento",
    "Precio": "$97,152"
  },
  {
    "Id": 83,
    "Direccion": "P.O. Box 787, 1352 Mollis Rd.",
    "Ciudad": "New York",
    "Telefono": "580-328-0397",
    "Codigo_Postal": "63477",
    "Tipo": "Casa",
    "Precio": "$70,429"
  },
  {
    "Id": 84,
    "Direccion": "571-3448 Ipsum. St.",
    "Ciudad": "New York",
    "Telefono": "451-067-8082",
    "Codigo_Postal": "1688",
    "Tipo": "Casa de Campo",
    "Precio": "$9,426"
  },
  {
    "Id": 85,
    "Direccion": "626-4183 Eros. Road",
    "Ciudad": "New York",
    "Telefono": "818-932-2502",
    "Codigo_Postal": "3977",
    "Tipo": "Apartamento",
    "Precio": "$82,655"
  },
  {
    "Id": 86,
    "Direccion": "Ap #500-446 Accumsan Ave",
    "Ciudad": "Los Angeles",
    "Telefono": "453-561-4737",
    "Codigo_Postal": "3773",
    "Tipo": "Casa de Campo",
    "Precio": "$29,354"
  },
  {
    "Id": 87,
    "Direccion": "3703 Quisque Rd.",
    "Ciudad": "Orlando",
    "Telefono": "020-821-1050",
    "Codigo_Postal": "54983",
    "Tipo": "Apartamento",
    "Precio": "$96,267"
  },
  {
    "Id": 88,
    "Direccion": "5946 Consectetuer St.",
    "Ciudad": "New York",
    "Telefono": "773-538-6408",
    "Codigo_Postal": "Q28 3PO",
    "Tipo": "Casa",
    "Precio": "$61,691"
  },
  {
    "Id": 89,
    "Direccion": "P.O. Box 556, 1951 Vulputate Av.",
    "Ciudad": "Houston",
    "Telefono": "670-572-1780",
    "Codigo_Postal": "4484KP",
    "Tipo": "Casa",
    "Precio": "$95,859"
  },
  {
    "Id": 90,
    "Direccion": "727-198 A Road",
    "Ciudad": "Houston",
    "Telefono": "821-444-9824",
    "Codigo_Postal": "5962",
    "Tipo": "Apartamento",
    "Precio": "$82,504"
  },
  {
    "Id": 91,
    "Direccion": "Ap #271-6835 Tempus St.",
    "Ciudad": "Washington",
    "Telefono": "601-485-1049",
    "Codigo_Postal": "703157",
    "Tipo": "Casa",
    "Precio": "$80,965"
  },
  {
    "Id": 92,
    "Direccion": "P.O. Box 519, 981 Nostra, Avenue",
    "Ciudad": "Miami",
    "Telefono": "440-469-6769",
    "Codigo_Postal": "61790-368",
    "Tipo": "Casa de Campo",
    "Precio": "$49,957"
  },
  {
    "Id": 93,
    "Direccion": "2759 Faucibus St.",
    "Ciudad": "Washington",
    "Telefono": "510-056-8508",
    "Codigo_Postal": "612383",
    "Tipo": "Casa",
    "Precio": "$23,498"
  },
  {
    "Id": 94,
    "Direccion": "5720 Urna, Street",
    "Ciudad": "Miami",
    "Telefono": "581-094-0717",
    "Codigo_Postal": "X45 0FA",
    "Tipo": "Casa de Campo",
    "Precio": "$8,187"
  },
  {
    "Id": 95,
    "Direccion": "283-1453 Amet, Avenue",
    "Ciudad": "Los Angeles",
    "Telefono": "751-107-3929",
    "Codigo_Postal": "R1B 4Y7",
    "Tipo": "Apartamento",
    "Precio": "$32,660"
  },
  {
    "Id": 96,
    "Direccion": "P.O. Box 169, 7235 Quisque Road",
    "Ciudad": "Los Angeles",
    "Telefono": "782-078-8565",
    "Codigo_Postal": "86541",
    "Tipo": "Casa",
    "Precio": "$39,721"
  },
  {
    "Id": 97,
    "Direccion": "6840 Rhoncus. Ave",
    "Ciudad": "Miami",
    "Telefono": "845-500-3131",
    "Codigo_Postal": "7112",
    "Tipo": "Casa de Campo",
    "Precio": "$97,135"
  },
  {
    "Id": 98,
    "Direccion": "967-7675 A, Rd.",
    "Ciudad": "Los Angeles",
    "Telefono": "751-125-7876",
    "Codigo_Postal": "34981",
    "Tipo": "Apartamento",
    "Precio": "$6,672"
  },
  {
    "Id": 99,
    "Direccion": "227-6771 Ut Street",
    "Ciudad": "Houston",
    "Telefono": "262-186-7762",
    "Codigo_Postal": "7131",
    "Tipo": "Casa de Campo",
    "Precio": "$17,160"
  },
  {
    "Id": 100,
    "Direccion": "P.O. Box 432, 4652 Proin Ave",
    "Ciudad": "Washington",
    "Telefono": "113-637-2816",
    "Codigo_Postal": "598072",
    "Tipo": "Casa",
    "Precio": "$42,804"
  },

  {
    "ciudad": "Madrid",
    "tipo_vivienda": "Apartamento",
    "precio": 150000,
    "descripcion": "Bonito apartamento en el centro de Madrid."
  } ,
  {
    "ciudad": "Barcelona",
    "tipo_vivienda": "Casa",
    "precio": 300000,
    "descripcion": "Casa en las afueras de Barcelona."
  }
]

